[
  {
    "model": "recipes.category",
    "pk": 1,
    "fields": {
      "name": "Завтраки"
    }
  },
  {
    "model": "recipes.category",
    "pk": 2,
    "fields": {
      "name": "Обеды"
    }
  },
  {
    "model": "recipes.category",
    "pk": 3,
    "fields": {
      "name": "Ужины"
    }
  },
  {
    "model": "recipes.ingredient",
    "pk": 1,
    "fields": {
      "name": "Картофель"
    }
  },
  {
    "model": "recipes.ingredient",
    "pk": 2,
    "fields": {
      "name": "Молоко"
    }
  },
  {
    "model": "recipes.ingredient",
    "pk": 3,
    "fields": {
      "name": "Масло"
    }
  },
  {
    "model": "recipes.ingredient",
    "pk": 4,
    "fields": {
      "name": "Соль"
    }
  },
  {
    "model": "recipes.ingredient",
    "pk": 5,
    "fields": {
      "name": "Перец"
    }
  },
  {
    "model": "recipes.recipe",
    "pk": 1,
    "fields": {
      "name": "Картофельное пюре",
      "category": 1,
      "description": "Нежное и воздушное пюре из картофеля.",
      "cook_time": 30,
      "cooking": "Сварите картофель, разомните его, добавьте молоко и масло, перемешайте и подавайте."
    }
  },
  {
    "model": "recipes.recipe",
    "pk": 2,
    "fields": {
      "name": "Омлет",
      "category": 1,
      "description": "Простой и сытный завтрак из яиц.",
      "cook_time": 15,
      "cooking": "Взбейте яйца, добавьте молоко, посолите, пожарьте на сковороде и подавайте."
    }
  },
  {
    "model": "recipes.recipe",
    "pk": 3,
    "fields": {
      "name": "Блины",
      "category": 1,
      "description": "Пышные блинчики на молоке.",
      "cook_time": 25,
      "cooking": "Приготовьте тесто, пожарьте блины на сковороде и подавайте с любимыми начинками."
    }
  },
  {
    "model": "recipes.recipe",
    "pk": 4,
    "fields": {
      "name": "Макароны по-флотски",
      "category": 2,
      "description": "Традиционное блюдо из макарон с фаршем и томатным соусом.",
      "cook_time": 40,
      "cooking": "Обжарьте мясной фарш, приготовьте томатный соус, варите макароны, смешайте все ингредиенты и подавайте."
    }
  },
  {
    "model": "recipes.recipe",
    "pk": 5,
    "fields": {
      "name": "Борщ",
      "category": 2,
      "description": "Традиционный украинский суп с свеклой и мясом.",
      "cook_time": 60,
      "cooking": "Обжарьте мясо и лук, варите свеклу, добавьте бульон, варите до готовности, добавьте кислоту и подавайте со сметаной."
    }
  },
  {
    "model": "recipes.recipe",
    "pk": 6,
    "fields": {
      "name": "Салат Цезарь",
      "category": 2,
      "description": "Классический салат с курицей, сыром пармезан и заправкой Цезарь.",
      "cook_time": 20,
      "cooking": "Подготовьте ингредиенты, смешайте их с заправкой и подавайте."
    }
  },
  {
    "model": "recipes.recipe",
    "pk": 7,
    "fields": {
      "name": "Плов",
      "category": 2,
      "description": "Традиционное блюдо восточной кухни с рисом, мясом и пряностями.",
      "cook_time": 60,
      "cooking": "Обжарьте мясо и лук, добавьте пряности и рис, варите до готовности и подавайте."
    }
  },
  {
    "model": "recipes.recipe",
    "pk": 8,
    "fields": {
      "name": "Стейк",
      "category": 2,
      "description": "Пожаренный сочный стейк с гарниром.",
      "cook_time": 30,
      "cooking": "Обжарьте стейк на сковороде с маслом, посолите, поперчите и подавайте с гарниром."
    }
  },
  {
    "model": "recipes.recipe",
    "pk": 9,
    "fields": {
      "name": "Куриные крылышки BBQ",
      "category": 2,
      "description": "Ароматные куриные крылышки с соусом BBQ.",
      "cook_time": 45,
      "cooking": "Обжарьте куриные крылышки на гриле, покройте их соусом BBQ и подавайте."
    }
  },
  {
    "model": "recipes.recipe",
    "pk": 10,
    "fields": {
      "name": "Суп-пюре из брокколи",
      "category": 3,
      "description": "Нежный суп-пюре с брокколи и сливками.",
      "cook_time": 25,
      "cooking": "Обжарьте лук, добавьте брокколи и бульон, варите до готовности, добавьте сливки и пюрируйте."
    }
  },
  {
    "model": "recipes.recipeingredient",
    "pk": 1,
    "fields": {
      "recipe": 1,
      "ingredient": 1,
      "weight": 300
    }
  },
  {
    "model": "recipes.recipeingredient",
    "pk": 2,
    "fields": {
      "recipe": 1,
      "ingredient": 2,
      "weight": 200
    }
  },
  {
    "model": "recipes.recipeingredient",
    "pk": 3,
    "fields": {
      "recipe": 1,
      "ingredient": 3,
      "weight": 50
    }
  },
  {
    "model": "recipes.recipeingredient",
    "pk": 4,
    "fields": {
      "recipe": 2,
      "ingredient": 2,
      "weight": 100
    }
  },
  {
    "model": "recipes.recipeingredient",
    "pk": 5,
    "fields": {
      "recipe": 2,
      "ingredient": 5,
      "weight": 10
    }
  },
  {
    "model": "recipes.recipeingredient",
    "pk": 6,
    "fields": {
      "recipe": 3,
      "ingredient": 2,
      "weight": 150
    }
  },
  {
    "model": "recipes.recipeingredient",
    "pk": 7,
    "fields": {
      "recipe": 3,
      "ingredient": 5,
      "weight": 10
    }
  },
  {
    "model": "recipes.recipeingredient",
    "pk": 8,
    "fields": {
      "recipe": 3,
      "ingredient": 4,
      "weight": 5
    }
  },
  {
    "model": "recipes.recipeingredient",
    "pk": 9,
    "fields": {
      "recipe": 4,
      "ingredient": 2,
      "weight": 150
    }
  },
  {
    "model": "recipes.recipeingredient",
    "pk": 10,
    "fields": {
      "recipe": 4,
      "ingredient": 3,
      "weight": 50
    }
  },
  {
    "model": "recipes.recipeingredient",
    "pk": 11,
    "fields": {
      "recipe": 4,
      "ingredient": 4,
      "weight": 10
    }
  },
  {
    "model": "recipes.recipeingredient",
    "pk": 12,
    "fields": {
      "recipe": 5,
      "ingredient": 2,
      "weight": 200
    }
  },
  {
    "model": "recipes.recipeingredient",
    "pk": 13,
    "fields": {
      "recipe": 5,
      "ingredient": 3,
      "weight": 50
    }
  },
  {
    "model": "recipes.recipeingredient",
    "pk": 14,
    "fields": {
      "recipe": 5,
      "ingredient": 5,
      "weight": 10
    }
  },
  {
    "model": "recipes.recipeingredient",
    "pk": 15,
    "fields": {
      "recipe": 6,
      "ingredient": 2,
      "weight": 100
    }
  },
  {
    "model": "recipes.recipeingredient",
    "pk": 16,
    "fields": {
      "recipe": 6,
      "ingredient": 3,
      "weight": 50
    }
  },
  {
    "model": "recipes.recipeingredient",
    "pk": 17,
    "fields": {
      "recipe": 6,
      "ingredient": 5,
      "weight": 10
    }
  },
  {
    "model": "recipes.recipeingredient",
    "pk": 18,
    "fields": {
      "recipe": 7,
      "ingredient": 1,
      "weight": 200
    }
  },
  {
    "model": "recipes.recipeingredient",
    "pk": 19,
    "fields": {
      "recipe": 7,
      "ingredient": 3,
      "weight": 50
    }
  },
  {
    "model": "recipes.recipeingredient",
    "pk": 20,
    "fields": {
      "recipe": 7,
      "ingredient": 5,
      "weight": 5
    }
  },
  {
    "model": "recipes.recipeingredient",
    "pk": 21,
    "fields": {
      "recipe": 8,
      "ingredient": 2,
      "weight": 150
    }
  },
  {
    "model": "recipes.recipeingredient",
    "pk": 22,
    "fields": {
      "recipe": 8,
      "ingredient": 4,
      "weight": 10
    }
  },
  {
    "model": "recipes.recipeingredient",
    "pk": 23,
    "fields": {
      "recipe": 8,
      "ingredient": 5,
      "weight": 5
    }
  },
  {
    "model": "recipes.recipeingredient",
    "pk": 24,
    "fields": {
      "recipe": 9,
      "ingredient": 2,
      "weight": 200
    }
  },
  {
    "model": "recipes.recipeingredient",
    "pk": 25,
    "fields": {
      "recipe": 9,
      "ingredient": 3,
      "weight": 50
    }
  },
  {
    "model": "recipes.recipeingredient",
    "pk": 26,
    "fields": {
      "recipe": 9,
      "ingredient": 5,
      "weight": 10
    }
  }
]
